{"lr-AdamW": 0.001, "trainer/global_step": 999, "_timestamp": 1704640539.1216471, "_runtime": 22.14122700691223, "_step": 40, "loss_step": 0.04735659435391426, "epoch": 0, "_wandb": {"runtime": 24}}